{"accuracy": 0.8, "f1": 0.7976437369164111, "auc": 0.8819364714887103}