{"accuracy": 0.7862068965517242, "f1": 0.784341065830721, "auc": 0.8913126674320705}