{"accuracy": 0.6551724137931034, "f1": 0.6445168564043338, "auc": 0.5176042862610027}