{"accuracy": 0.8275862068965517, "f1": 0.8255549456175957, "auc": 0.8980099502487561}