{"accuracy": 0.7793103448275862, "f1": 0.7770588471795972, "auc": 0.8568694986605435}